{
  "version": 1,
  "author": "Ashwin Shankar",
  "editor": "wokwi",
  "parts": [
    { "type": "wokwi-arduino-uno", "id": "uno", "top": 0, "left": 0, "attrs": {} },
    {
      "type": "wokwi-led",
      "id": "led1",
      "top": -109.2,
      "left": 109.4,
      "attrs": { "color": "red", "flip": "1" }
    },
    {
      "type": "wokwi-led",
      "id": "led2",
      "top": -109.2,
      "left": 167.4,
      "attrs": { "color": "blue", "flip": "1" }
    },
    {
      "type": "wokwi-led",
      "id": "led3",
      "top": -109.2,
      "left": 205.8,
      "attrs": { "color": "limegreen", "flip": "1" }
    }
  ],
  "connections": [
    [ "uno:12", "led1:A", "green", [ "v0" ] ],
    [ "led1:C", "uno:GND.1", "green", [ "v0" ] ],
    [ "uno:11", "led3:A", "green", [ "v0" ] ],
    [ "led3:C", "uno:GND.1", "green", [ "v0" ] ],
    [ "uno:10", "led2:A", "green", [ "v0" ] ],
    [ "led2:C", "uno:GND.1", "green", [ "v0" ] ]
  ],
  "dependencies": {}
}